db_id,total,sql_executed,parsed,translated,cypher_executed,correct,incorrect,sql_error,parse_error,translation_error,cypher_error,valid_n,failure_n,execution_accuracy,valid_score
store_1,112,112,108,90,80,70,10,0,4,18,10,80,32,0.875,0.625
college_3,74,74,72,66,58,44,14,0,2,6,8,58,16,0.7586206896551724,0.5945945945945945
hospital_1,100,100,90,74,72,68,4,0,10,16,2,72,28,0.9444444444444444,0.6799999999999999
tracking_software_problems,48,48,42,38,30,28,2,0,6,4,8,30,18,0.9333333333333333,0.5833333333333334
